Key,Type,Desc,Chinese,English,Japanese
(已完成),Text,,(已完成),(Completed),
1,Text,,1,1,
10级开启,Text,,10级开启,10 lv open,
20级开启,Text,,20级开启,20 lv open,
4级开启,Text,,4级开启,4 lv open,
8级开启,Text,,8级开启,8 lv open,
BOSS伤害加成,Text,,BOSS伤害加成,Armor Dmg To Boss % ,
Boss技能攻击加成,Text,,Boss技能攻击加成,Magic Dmg To Boss % ,
Debuff时间缩短,Text,,Debuff时间缩短,DEBUFF Length- X SEC,
comhintText_1,Text,,天赋重置,Talent resetting,
comhintText_10,Text,,领取奖励,Receive reward,
comhintText_11,Text,,领取,Confirm,
comhintText_12,Text,,取消,Cancel,
comhintText_13,Text,,出售确认,Sale confirmation,
comhintText_14,Text,,出售,Confirm,
comhintText_15,Text,,取消,Cancel,
comhintText_16,Text,,道具使用功能,Instructions for using the prop,
comhintText_17,Text,,前往,Send to,
comhintText_18,Text,,定位,Location,
comhintText_19,Text,,游戏公告,Game announcement,
comhintText_2,Text,,重置,Confirm,
comhintText_20,Text,,"提示:一个月只能下载一次账号数据
下载后拍卖行和家园仓库数据将清空!
下载后,请勿使用2个设备登录同一个角色,会导致角色锁死.
新区7天内不开放下载服务","Tip: you can only download account data once a month 
 The items sold by the auction house will be emptied!",
comhintText_3,Text,,取消,Cancel,
comhintText_4,Text,,回收确认,Recycling confirmation,
comhintText_5,Text,,回收,Confirm,
comhintText_6,Text,,取消,Cancel,
comhintText_7,Text,,兑换确认,Redemption confirmation,
comhintText_8,Text,,兑换,Confirm,
comhintText_9,Text,,取消,Cancel,
comhint_1,Text,,"是否进入副本？
提示:每天只有一次进入机会！","Whether to enter the copy?
 Tip: Only one chance to enter every day!",
comhint_10,Text,,"是否分解此宠物？
分解野生宠物可以获得1-3个宠物分解石,分解宝宝宠物可以获得5-15个分解石","Whether to factor this pet?
 Decompose wild pets to get 1-3 pet decomposition stones, decompose baby pets to get 5-15 decomposition stones",
comhint_11,Text,,是否前往充值界面？,Whether to enter the recharge interface?,
comhint_12,Text,,是否前往兑换金币界面？,Whether to enter the interface of the gold coins exchange?,
comhint_13,Text,,宠物栏位每15、25、35、45、55级均会新增一个宠物栏位！,"Get a pet field for every 15, 25, 35, 45, 55 level of the role!",
comhint_14,Text,,是否消耗600钻石重置当前天赋！,Whether to spend 600 diamonds to reset talent?,
comhint_15,Text,,"是否确认回收这些装备！
(提示:当前装备上附带宝石或回收的装备为橙色级别以上装备!)","Are you sure to recycle these equipment？
 (Tip: There are some gems on the current equipment ,or the recycled equipment is at least orange quality!)",
comhint_16,Text,,"是否进入藏宝洞窟？
提示:每天只有一次进入机会！","Whether to enter Treasure Cave?
 Tip: Only one chance to enter every day!",
comhint_17,Text,,在此装备上发现了隐藏技能:,Hidden skill found on the equipment:,
comhint_18,Text,,"！
提示:如果再次洗炼隐藏技能有可能消失！","!
Tip: the hidden skill would disappear if you continue to refine!",
comhint_19,Text,,是否消耗20%经验兑换:,Whether exchange 20% experience to: ,
comhint_2,Text,,是否消耗100神兽碎片兑换神兽？,Whether to exchange 100 pieces for a legendary pet?,
comhint_20,Text,,金币, gold coins,
comhint_21,Text,,"是否消耗材料兑换一个高级藏宝图？
消耗道具:","Whether to exchange the materials for an advanced treasure map?
 Props needed:",
comhint_22,Text,,"1.地图随机刷新出真假宝箱,触碰到真的宝箱可以获得真正的奖励,地图内会出现6个真正的藏宝箱
2.地图只有5分钟时间提供给玩家寻找宝箱,超过时间会自动传送出地图！
3.地图内不能使用任何技能和道具","1. The map will randomly refresh the real and fake treasure chests. You can get real rewards when you touch the real treasure chests. There are only 6 real treasure chests  in the map.
2. There are only  5 minutes for you to find the treasure chest, then you will be sent out!
3. No skills or props can be used in the map",
comhint_23,Text,,恭喜你!今天你寻找到了,Congratulations! Today you have found ,
comhint_24,Text,,"个真实宝箱！
寻找1-3个宝箱获得1张藏宝图 
寻找4-5个宝箱获得2张藏宝图 
寻找6个宝箱获得3张藏宝图"," real treasure chests!
 1-3 treasure chests to get 1 more treasure map
 4-5 treasure chests to get 2 more treasure maps
 6 treasure chests to get 3 more treasure maps",
comhint_25,Text,,"""是否删除此账号""","""Whether to delete the account""",
comhint_26,Text,,是否出售道具:,Whether to sell the prop:,
comhint_27,Text,,是否出售装备:,Whether to sell the equipment:,
comhint_28,Text,,"
(提示:当前装备上附带宝石!)","
 (Tip: Some gems are inlaid in the current equipment!)",
comhint_29,Text,,"
(提示:在主城回收商人处回收可以获得经验和装备碎片!)","
 (Tip: Recycling at the equipment recycle businessman can gain experience and equipment debris!)",
comhint_3,Text,,是否放生此宠物？,Whether to release this pet?,
comhint_30,Text,,"
(提示:在主城回收商人处回收可以获得经验和装备碎片!)
本次出售可以获得金币:","
 (Tip: Recycling at the equipment recycle businessman can gain experience and equipment debris!)
 You can get gold coins:",
comhint_31,Text,,请点击保存需要传送的坐标！,Click to save the coordinates to be transferred!,
comhint_32,Text,,你当前定位的地区为：,Your current location is: ,
comhint_33,Text,,"
 坐标点：","
 Coordinate points: ",
comhint_34,Text,,是否消耗300钻石清空所有次数,Whether to consume 300 diamonds to empty all times,
comhint_35,Text,,"恭喜你!赢得了今天天梯对战的胜利
获胜奖励：金币*30000","Congratulations on winning the battle of TIANTI today
 Winning reward: gold coin * 30000",
comhint_36,Text,,"很抱歉,你没有击败对方宠物战队
失败奖励：金币*10000","I'm sorry you didn't beat the pet team
 Failure reward: gold coin * 10000",
comhint_37,Text,,是否消耗30000金币刷新当前随机排名,Whether to consume 30000 gold coins to refresh the current random ranking,
comhint_38,Text,,"请让你的宠物重新出战,才可以让当前出战宠物的技能和属性生效",Please ask your pet to fight again before the current skills and attributes of the pet will take effect,
comhint_39,Text,,"游戏内支持开启单机模式,开启后游戏内的所有弱联网功能将自动屏蔽!
(点击头像打开设置界面勾选单机模式即可)","In the game, it supports to turn on the stand-alone mode. After turning on, all the weak networking functions in the game will be automatically blocked! 
 (click the avatar to open the setting interface and check the stand-alone mode)",
comhint_4,Text,,"是否进入副本？
提示:每天只有一次进入机会！","Whether to enter the copy?
 Tip: Only one chance to enter every day!",
comhint_40,Text,,我知道了!,I got it!,
comhint_41,Text,,出售家园道具将获得建设资金:,Selling home props will get construction funds:,
comhint_5,Text,,"1.玩家需要在限定的时间内击杀小怪收集秘境值,当秘境值达到500点后即可召唤秘境领主BOSS.
2.击杀秘境BOSS后则挑战当前秘境层级成功,并激活下一层级大秘境,怪物实力随着秘境层级越高！
3.大秘境内均会掉落秘境碎片可以在隔壁的同学处兑换奖励！
4.大秘境成功退出地图后可以连续挑战,如果挑战失败只能等明日再来！","1. The player needs to kill the monsters to collect the secret value within a limited time. When the secret value reaches 500 points, BOSS will be summoned.
2. After killing the BOSS,  you can enter the next tier. The higher tier of the mystery, the more difficult it is.
3.The mystery shards will be dropped in the Grand Mystery. You can redeem rewards at the mystery businessman!
After  you kill BOSS in Grand Mystery, you can continue to challenge next tier. If you failed, you can only wait for tomorrow!",
comhint_6,Text,,是否领取通关大秘境第,Whether to receive the Tier ,
comhint_7,Text,,层奖励？, reward of Grand Mystery?,
comhint_8,Text,,是否前往兑换金币界面？,Whether to enter the interface of the gold coins exchange?,
comhint_9,Text,,是否花费600钻石重置SP值？,Whether to spend 600 diamonds to reset SP?,
hint_1,Text,,"背包已满,请预留至少1个位置！","Full backpack, please reserve at least 1 space!",
hint_10,Text,,技能施法状态中断！,Skill casting is interrupted,
hint_100,Text,,召唤冷却中！,Summon is in CD!,
hint_101,Text,,你要下载的账号,You have downloaded the account,
hint_102,Text,,",请创建一个",", please create a ",
hint_103,Text,,角色在下载此数据, role to download this data,
hint_104,Text,,未连接服务器！,Server is not connected!,
hint_105,Text,,"世界等级已经完全放开,无法兑换!","The world level has been completely released, so it cannot be redeemed!",
hint_106,Text,,未连接服务器！,Server is not connected!,
hint_107,Text,,"世界等级已经完全放开,无法兑换!","The world level has been completely released, so it cannot be redeemed!",
hint_108,Text,,"经验不足,无法兑换！",Insufficient experience to redeem!,
hint_109,Text,,未达到世界等级！,Not reach the world level!,
hint_11,Text,,你需要选择攻击目标,Please select the target,
hint_110,Text,,"世界等级已经完全放开,无法兑换!","The world level has been completely released, so it cannot be redeemed!",
hint_111,Text,,关闭自动挂机！,Auto-hang is off!,
hint_112,Text,,开启自动挂机！,Auto-hang is on!,
hint_113,Text,,8级以下无法免费抽取！,No draw for free below level 8!,
hint_114,Text,,你关闭了联网功能！请在游戏设置内开启才能使用此功能!,You have turned off networking! This function is only available when you turn on it in the game settings!,
hint_115,Text,,9级可以开启战区活动功能!,You can turn on the theater activity function when you get LV 9!,
hint_116,Text,,你消耗了,You consume ,
hint_117,Text,,点经验兑换了, experience to exchange ,
hint_118,Text,,金币, gold coins,
hint_119,Text,,"经验不足,无法兑换！",Insufficient experience to redeem!,
hint_12,Text,,你需要离的更近一点,You need to get closer,
hint_120,Text,,未达到世界等级！,Not reach the world level!,
hint_121,Text,,当前物品无法在拍卖行出售!,The prop cannot be sold at the auction house!,
hint_122,Text,,取消技能释法,Cancel skill casting,
hint_123,Text,,你的宝箱已经先手被别人抢走了！ T.T,Your treasure chest has been snatched by others!,
hint_124,Text,,"等级未达到章节要求,无法切换到此章节！","Your level does not meet the chapter requirements, and you cannot switch to this chapter!",
hint_125,Text,,"你碰到了一个被腐蚀的宝箱,似乎对你产生了不好的作用!",You have opened a corroded treasure chest and it seems to have a bad effect on you!,
hint_126,Text,,"你碰到了一个被腐蚀的宝箱,似乎对你产生了不好的作用!",You have opened a corroded treasure chest and it seems to have a bad effect on you!,
hint_127,Text,,请不要输入中文字符！,Please do not enter Chinese characters!,
hint_128,Text,,账号不能为空！,Account cannot be empty,
hint_129,Text,,请不要输入中文字符！,Please do not enter Chinese characters!,
hint_13,Text,,当前制造技能你已经学习！,You have learned this manufacturing skill!,
hint_130,Text,,请检查！两次确认密码不一致！,Please check the password! The two passwords are inconsistent,
hint_131,Text,,体力不足,Insufficient energy ,
hint_132,Text,,"点,体力每5分钟恢复1点！"," , it recovers 1 every 5 minutes",
hint_133,Text,,密码不能为空！,Password cannot be empty,
hint_134,Text,,账号不能为空！,Account cannot be empty,
hint_135,Text,,提示：请将角色等级提升至,Tip: Please improve your role level to LV ,
hint_136,Text,,级后可继续升级下一级建筑, to continue to next level of the building,
hint_137,Text,,获得繁荣度：,Get prosperity:,
hint_138,Text,,金币不足！,Insufficient gold coins!,
hint_139,Text,,请等待倒计时结束后领取！,Please wait for the countdown to finish!,
hint_14,Text,,角色等级不足！,Insufficient role level!,
hint_140,Text,,"今日已达领取次数已达上限,请明天再来领取！","You have run out of rewards today, please come back tomorrow!",
hint_141,Text,,请等待倒计时结束后领取！,Please wait for the countdown to finish!,
hint_142,Text,,"今日已达领取次数已达上限,请明天再来领取！","You have run out of rewards today, please come back tomorrow!",
hint_143,Text,,需要冒险家等级提升至3级开启此仓库栏位！,This warehouse field will open after the adventurer level reach to level 3!,
hint_144,Text,,需要冒险家等级提升至6级开启此仓库栏位！,This warehouse field will open after the adventurer level reach to level 6!,
hint_145,Text,,需要冒险家等级提升至8级开启此仓库栏位！,This warehouse field will open after the adventurer level reach to level 8!,
hint_146,Text,,"正在整理,请稍后再试！","Sorting out, please try again later!",
hint_147,Text,,收回召唤宠物成功！,Retrieve combat pet successfully!,
hint_148,Text,,宠物合成成功!请到宠物列表中进行查看,Successful synthesis! Please check it in the pet list,
hint_149,Text,,需要达到20级后开启!,The role level doesn't reach LV 20,
hint_15,Text,,学习需要的金币不足!,Insufficient gold coins to learn!,
hint_150,Text,,你有新的邮件！请赶快前往圣光成的邮件处领取哦~,You have a new mail! Please go to the mail office of Halo Central City to pick it up,
hint_151,Text,,请点击右下角 [开始冒险] 进入冒险地图完成任务!,Please click [Start Adventure] in the bottom right corner to enter the adventure map to complete the mission!,
hint_152,Text,,背包剩余格子数量不足!请预留至少,Insufficient backpack space! Please reserve at least ,
hint_153,Text,,个位置, places,
hint_154,Text,,"奖励已领取,请勿重新领取！","The reward has been received, please do not repeat it!",
hint_155,Text,,购买单组数量最大为,The maximum number of single purchase groups is ,
hint_156,Text,,背包空间不足！请预留至少,Insufficient backpack space! Please reserve at least ,
hint_157,Text,,个位置领取奖励, places,
hint_158,Text,,天降幸运！恭喜你完成活跃任务时获得了神兽碎片！,Good luck! Congratulations on getting one piece of legendary pet after you complete the active mission!,
hint_159,Text,,出售道具的数量不能为0,The number of props sold cannot be 0,
hint_16,Text,,当前没有任何宠物！,No pet here!,
hint_160,Text,,未连接至服务器,Server is not connected!,
hint_161,Text,,最多只能上架8个道具,Only 8 props can be listed,
hint_162,Text,,出售宠物技能书类的道具需要角色等级>=20级,Selling pet skill book props requires the role level reach LV 20,
hint_163,Text,,请先选择要出售的道具,Please select the props to sell first,
hint_164,Text,,兑换钻石数量不能为0,The number of redeemed diamonds cannot be 0,
hint_165,Text,,您可能未连接至服务器！兑换金币数量不能为0,You may not be connected to the server! The number of gold coins exchanged cannot be 0,
hint_166,Text,,兑换成功！你兑换了,Successful redemption! You exchanged ,
hint_167,Text,,金币, gold coins,
hint_168,Text,,激活精灵属性成功!,Successful activation of sprite attributes!,
hint_169,Text,,被动精灵无法激活!,Passive sprite cannot be activated!,
hint_17,Text,,技能触发专注!,The skill triggers Tactician!,
hint_170,Text,,此精灵暂未拥有!,The sprite has not been activated yet!,
hint_171,Text,,"恭喜你,支付成功!钻石已成功到账,请查收","The payment is successful! The diamonds has been successfully credited, please check",
hint_172,Text,,无法合成！合成宠物中存在出战宠物,No synthesize! Combat pet is in the synthetic pets,
hint_173,Text,,神兽无法合成！,The legendary pet cannot be synthesized!,
hint_174,Text,,增加,Get ,
hint_175,Text,,点,,
hint_176,Text,,熟练度!, proficiency points,
hint_177,Text,,当前宠物栏位已满！宠物栏位每15、25、35、45、55级均会新增一个宠物栏位！,"The pet fields are currently full! Get a pet field for every 15, 25, 35, 45, 55 level of the role!",
hint_178,Text,,恭喜你!激活了新的,Congratulations! A new trial level has been activated!,
hint_179,Text,,试炼等级！,,
hint_18,Text,,恭喜你!学会制作道具:,Congratulations! Learn to make prop:,
hint_180,Text,,"该目标无法捕捉,捕捉无效！","The target cannot be captured, the capture is invalid!",
hint_181,Text,,"你的捕捉动作太大,导致目标发现你藏起来了",Your movement range is too big and the target gets away,
hint_182,Text,,你需要达到,You need to reach LV 10(级数) to capture!,
hint_183,Text,,级才可以捕捉！,,
hint_184,Text,,当前宠物栏位已满！,The pet field is currently full!,
hint_185,Text,,"你的捕捉动作太大,导致目标发现你藏起来了",Your movement range is too big and the target gets away,
hint_186,Text,,捕捉失败！,Capture failed!,
hint_187,Text,,"该目标无法捕捉,捕捉无效！","The target cannot be captured, the capture is invalid!",
hint_188,Text,,你需要达到,You need to reach LV ,
hint_189,Text,,级才可以捕捉！, to capture!,
hint_19,Text,,出战等级不足,Insufficient level to combat,
hint_190,Text,,战斗中不能释放此技能！,This skill cannot be released in combat!,
hint_191,Text,,繁荣度提升增加:,Get prosperity:,
hint_192,Text,,出战等级不足,Insufficient level to combat,
hint_193,Text,,宠物召唤冷却,Pet summon is in CD,
hint_194,Text,,当前出战位已满！,The combat table is full!,
hint_195,Text,,BOSS出现！！！,BOSD appears!,
hint_196,Text,,恭喜你!挑战,Congratulations! Success in Tier ,
hint_197,Text,,层秘境成功,,
hint_198,Text,,你已经击杀BOSS！你现在可以返回地图挑战下一层秘境！,You have killed BOSS! Now you can return to the map to challenge the next tier of mystery!,
hint_199,Text,,荣誉值增加:,Get honor:,
hint_2,Text,,该技能已经装备,This skill is already equipped,
hint_20,Text,,请等待冷却时间结束再次召唤宠物！,Pet summon is in CD,
hint_200,Text,,请升级繁荣等级开启此道具奖励！,Please upgrade the prosperity level to open the prop reward!,
hint_201,Text,,"背包已满,请预留至少1个位置！","Full backpack, please reserve at least 1 space!",
hint_202,Text,,荣誉不足！,Insufficient honor!,
hint_203,Text,,恭喜你击杀副本BOSS成功!,Congratulations on your success in killing BOSS of the copy!,
hint_204,Text,,"秒后刷新下一只BOSS,请做好准备！","90 seconds refresh the next BOSS , please be prepared!",
hint_205,Text,,正在处理上次回收数据!请稍后…,Processing last recycled data! Please wait ...,
hint_206,Text,,请放入要回收的装备!,Please put in the equipment to be recycled!,
hint_207,Text,,你的背包需要剩余最少,Your backpack must be reserved at least ,
hint_208,Text,,个位置!, places,
hint_209,Text,,"回收物品超过自身等级15级,无法回收!","No recycle, the recycled props exceed 15 of the role level!",
hint_21,Text,,宠物召唤冷却,Pet summon is in CD,
hint_210,Text,,此Boss无首杀奖励！,This Boss don't have first-kill reward!,
hint_211,Text,,接取任务成功!,Successfully picked up the mission!,
hint_212,Text,,放入装备不符合要求,The equipment put in does not meet the requirements,
hint_213,Text,,今日副本次数已满!,The number of copy entered today is full!,
hint_214,Text,,王国繁荣等级不足！请提升至：,Insufficient levels of kingdom prosperity! Please upgrade to: LV ,
hint_215,Text,,级,,
hint_216,Text,,角色等级不足！请提升至：,Insufficient levels of the role! Please upgrade to: LV ,
hint_217,Text,,请先将前面关卡通关才可挑战此关卡！,Please pass the previous level before challenging this level!,
hint_218,Text,,10级开启天赋系统,Talent system will open after LV 10,
hint_219,Text,,战士排行榜已刷新！,Warrior Ranking has been refreshed!,
hint_22,Text,,当前出战位已满！,The combat table is full!,
hint_220,Text,,你已经召唤此怪物！,You have summoned this monster!,
hint_221,Text,,小地图移动开启！,Fast movement in small map is on!,
hint_222,Text,,道具不足!,Insufficient props!,
hint_223,Text,,你的技能发挥了作用！,Your skill is working!,
hint_224,Text,,你的宠物已经有了相同的技能！,Your pet already has the same skill!,
hint_225,Text,,洗炼变异宠物请使用更强大的道具！,The mutant pets need more powerful props to refine!,
hint_226,Text,,你的宠物被一股强大的能力赋予了！,Your pet is given a powerful ability!,
hint_227,Text,,一股神秘的力量让你的宠物资质提高了！,A mysterious power improves your pet's qualifications!,
hint_228,Text,,一股神秘的力量让你的宠物成长提高了！,A mysterious power improves your pet's growth!,
hint_229,Text,,不能给野生宠物使用此道具！,This prop cannot be used for wild pets!,
hint_23,Text,,战斗时不能撤回宠物,Pet cannot be withdrawn in combat,
hint_230,Text,,"重置失败,点数不符！","Reset failed, insufficient attribute points!",
hint_231,Text,,一股神秘的力量让你的宠物属性点数重置了！,A mysterious power reset your pet attribute points!,
hint_232,Text,,"等级不足,无法购买",Insufficient levels to purchase,
hint_233,Text,,背包格子不足！,Insufficient backpack places!,
hint_234,Text,,"货币不足,无法购买！",Insufficient currencies to purchase,
hint_235,Text,,背包格子不足！,Insufficient backpack places!,
hint_236,Text,,"你已经购买此礼包,请明日再来！","You have already purchased this package, please come back tomorrow!",
hint_237,Text,,"货币不足,无法购买！",Insufficient currencies to purchase,
hint_238,Text,,请升级繁荣等级开启此道具奖励！,Please upgrade the prosperity level to open the prop reward!,
hint_239,Text,,"背包已满,请预留至少1个位置！","Full backpack, please reserve at least 1 space!",
hint_24,Text,,名称不能为空,Name cannot be empty,
hint_240,Text,,荣誉不足！,Insufficient honor!,
hint_241,Text,,复活成功！,Successful reborn!,
hint_242,Text,,15级可以进入藏宝洞窟！,You can enter Treasure Cave after LV 15!,
hint_243,Text,,"今天已经进入藏宝洞窟一次了,请明天再来！","You have entered Treasure Cave once today, please come back tomorrow!",
hint_244,Text,,需要材料不足,Insufficient materials!,
hint_245,Text,,"今日已经领取,请明日再来！","You have rceived today, please come back tomorrow!",
hint_246,Text,,到当天指定天数才可查看奖励喔!,The reward can only be viewed on the specified number of days!,
hint_247,Text,,"今日签到奖励已领取,请明日再来!","You have received the sign-in reward for today, please come back tomorrow!",
hint_248,Text,,请按顺领取签到奖励!,Please receive the sign-in rewards in order!,
hint_249,Text,,背包剩余空间不足!,Insufficient backpack places!,
hint_25,Text,,名称长度不能大于7个字符,Name cannot be longer than 7 characters,
hint_250,Text,,签到奖励已经领取!,You have already received the sign-in reward,
hint_251,Text,,"今日赞助签到奖励已领取,请明日再来!","Today's sponsorship sign-in reward has been received, please come back tomorrow!",
hint_252,Text,,"领取失败,每天赞助任意金额即可领取此奖励!",Failed! You can receive this reward by sponsoring any amount today!,
hint_253,Text,,背包剩余空间不足!,Insufficient backpack places!,
hint_254,Text,,签到奖励已经领取!,You have already received the sign-in reward,
hint_255,Text,,已关闭挂机状态,Hang status is off,
hint_256,Text,,技能施法状态中断！,Skill casting is interrupted!,
hint_257,Text,,"您的背包已满,本次试炼奖励领取失败!","Full backpack, and the trial reward has failed to receive!",
hint_258,Text,,技能施法状态中断！,Skill casting is interrupted!,
hint_259,Text,,进入战斗,Enter combat,
hint_26,Text,,出战中不能放生宠物！,Pet cannot be released during the combat,
hint_260,Text,,退出战斗,Quit combat,
hint_261,Text,,"怪物已脱离,无法攻击",The monster is out of combat and cannot be attacked,
hint_262,Text,,领取失败!成就点数不足!,Receive failed! Insufficient achievement points!,
hint_263,Text,,当前没有任何宠物！,No pet here！,
hint_264,Text,,此成就奖励已经领取,This achievement reward has been received,
hint_265,Text,,出战等级不足！此宠物出战需要角色达到,Insufficient level to combat! Your role must reach LV ,
hint_266,Text,,级, to summon this pet,
hint_267,Text,,请等待冷却时间结束再次召唤宠物！,Pet summon is in CD,
hint_268,Text,,宠物召唤冷却,Pet summon is in CD,
hint_269,Text,,当前出战位已满！,The combat table is full!,
hint_27,Text,,无法领取!未达到黄金令牌,Unable to claim! Golden token not reached,
hint_270,Text,,战斗时不能撤回宠物,Pet cannot be withdrawn in combat,
hint_271,Text,,"野生宠物:野外随处可见的宠物,宠物属性点数天生就比宝宝少40点,只能临时用用！","Wild pets: Pets that can be seen everywhere in the wild, the pet attributes are inherently 40 points less than babies, and can only be used temporarily!",
hint_272,Text,,"宠物宝宝:野外比较少的宠物,你可以自由分配他的宠物点数,达到收益最大化！","Pet baby: There are relatively few pets in the wild, you can freely allocate his attribute points to maximize revenue!",
hint_273,Text,,"变异宝宝:非常稀有的一种宠物,它的资质有可能超过上限！",Mutant baby: a very rare pet whose qualification may exceed the upper limit!,
hint_274,Text,,"神兽宠物:全世界中最珍贵的宠物,没有之一！", Legendary pets: the most precious pets in the game!,
hint_275,Text,,名称不能为空,Name cannot be empty,
hint_276,Text,,名称长度不能大于7个字符,Name cannot be longer than 7 characters,
hint_277,Text,,修改失败!存在特殊字符,Modify failed! Special characters exist,
hint_278,Text,,出战中不能放生宠物！,Pets cannot be released during the combat!,
hint_279,Text,,SP值不足,Insufficient SP(skill points),
hint_28,Text,,无法领取!未达到钻石令牌,Unable to claim! Diamond token not reached,
hint_280,Text,,需要总激活天赋点数达到:, Require activated talent points reach: ,
hint_281,Text,,点,,
hint_282,Text,,学习等级不足,Insufficient level to learn the skill,
hint_283,Text,,SP当前天赋已达上限,The current talent has reached the upper limit,
hint_284,Text,,"关联天赋未激活,请先激活关联天赋","Relevant talent is not activated, please activate the relevant talent first",
hint_285,Text,,"当前插槽已有宝石,请将宝石卸下后方可重新镶嵌","There is a gem in the current hole, please remove the gem first",
hint_286,Text,,"镶嵌失败,请确定宝石的颜色是否与孔位一致！","Inlay failed, please make sure the color of the gem is consistent with the hole position!",
hint_287,Text,,镶嵌位置错误！,Wrong hole position!,
hint_288,Text,,"背包已满,请清理背包","Full backpack, please clean it first",
hint_289,Text,,强化已达满级!,Reinforcement has reached the full level!,
hint_29,Text,,领取奖励需要预留1个道具位置,You need to reserve 1 prop space to receive the reward,
hint_290,Text,,需要等级达到,Require LV ,
hint_291,Text,,级开启本次强化！, to enable this reinforcement!,
hint_292,Text,,强化所需金币不足！,Insufficient gold coins to reinforce,
hint_293,Text,,强化所需道具不足！,Insufficient props to reinforce,
hint_294,Text,,强化失败！你的运气可能不太好,Reinforce failed! Terrible luck,
hint_295,Text,,"复活币不足,无法复活",Insufficient reborn coins to reborn,
hint_296,Text,,你需要选择攻击目标,Please select an attack target first,
hint_297,Text,,恭喜你！制造产生了暴击获得双倍物品！,Congratulations! Produce the crit double props!,
hint_298,Text,,当前没有宠物！,No pet here!,
hint_299,Text,,你有新的邮件！请赶快前往圣光主城的邮件处领取哦~,You have a new mail! Please go to the mail office of Halo Central City to pick it up,
hint_3,Text,,"此技能为被动技能,无法拖动!","Passive skill ,cannot be dragged",
hint_30,Text,,"支付开启中,请稍等……！",Payment is being opened ...,
hint_300,Text,,当前没有可分配的点数,No points are currently allocated,
hint_301,Text,,"背包已满,请保持背包内有足够的空位！","Full backpack, please keep enough space in the backpack!",
hint_302,Text,,运气爆炸!洗炼装备时竟然额外钻探出一个宝石孔位,Luck is bursting! An extra gem hole was drilled when refining the equipment,
hint_303,Text,,删除指定数量不足！,Insufficient quality to delete,
hint_304,Text,,当前宠物已经出战,The pet is in combat,
hint_305,Text,,召唤宠物成功!激活15秒无敌时间!1分钟内只能激活一次!,Successful pet summon! Activate 15 seconds of invincible time! Activate only once in 1 minute!,
hint_306,Text,,添加称号成功！请到设置界面查看称号列表并使用,Get the title! Please go to the setting interface to view the list of titles and use,
hint_307,Text,,恭喜你!激活精灵:,Congratulations! Activate the sprite:,
hint_308,Text,,升级技能需要玩家等级达到,Upgrading this skill requires the role level up to ,
hint_309,Text,,级,,
hint_31,Text,,"支付繁忙,请稍后支付,如长时间无反应请重启游戏应用！","Payment is busy, please pay later. If there is no response for a long time, please restart the game!",
hint_310,Text,,"SP值不足,每升一级获得1点SP值!","Insufficient SP, get 1 SP for each level!",
hint_311,Text,,切换普通模式成功!,Switch to Easy mode successfully!,
hint_312,Text,,"切换挑战模式成功！Boss属性增强,更有大概率掉落道具！",Switch Challenge mode successfully! Boss has been stronger to drop props with greater probability!,
hint_313,Text,,等级提升至10级后开启挑战模式！,Challenge mode will be open after LV 10!,
hint_314,Text,,"切换地狱模式成功！Boss属性大大增强,更有超大概率掉落道具！",Switch Hell mode successfully! Boss has been stronger to drop props with large probability!,
hint_315,Text,,等级提升至15级后开启地狱模式！,Hell mode will be open after LV 15!,
hint_316,Text,,技能重置成功!,Successfully reset skills!,
hint_317,Text,,击杀场景怪物提升至,Enter the scene after leveling up to LV ,
hint_318,Text,,级后进入！,!,
hint_319,Text,,"道具发挥了效果,所有BOSS已刷新!","The props worked, BOSS have been refreshed!",
hint_32,Text,,"支付转接中,请不要关闭界面……","During payment transfer, please do not close the interface ...",
hint_320,Text,,使用此道具请移动到主城场景中使用！,This prop can only be used in Halo Central City!,
hint_321,Text,,当前体力已满！,Full energy!,
hint_322,Text,,请进入关卡地图在使用此道具,Please enter the chapter map to use this prop,
hint_323,Text,,当前活力已满！,Full vitality!,
hint_324,Text,,已超过使用等级!,Exceed the limited level,
hint_325,Text,,"背包已满,请先清空背包在提交任务！","Full backpack, please reserve enough place to submit the mission!",
hint_326,Text,,请放入将要给予的装备,Please put in the submitted equipment,
hint_327,Text,,宠物获得,The pet will get ,
hint_328,Text,,点经验, experience,
hint_329,Text,,"背包已满,请先清空背包在提交任务！","Full backpack, please reserve enough place to submit the mission!",
hint_33,Text,,当前奖励已领取!,This reward has been received!,
hint_330,Text,,此任务不可以自动寻路！,This mission cannot offer auto-wayfinding!,
hint_331,Text,,请先前往地图：,Please go to the map:,
hint_332,Text,,",如需提交任务,请找到",Please find ,
hint_333,Text,,可提交任务, to submit the mission,
hint_334,Text,,"购买失败!请检查一下自己的钱袋子,嘿嘿！",Purchase failed! Please check your money first,
hint_335,Text,,倒计时结束！,The countdown is over!,
hint_336,Text,,洗练装备时禁止移动道具操作！,Don't drag the equipment while refining!,
hint_337,Text,,当前没有选择需要镶嵌的宝石,Please select the gem to be set,
hint_338,Text,,请放入将要洗练的装备,Please put in the equipment to be refined ,
hint_339,Text,,级开启此功能, Level Open the function,
hint_34,Text,,"未连接支付服务器,请确认本地网络或加游戏群联系管理员！","Not connected to the Payment Server,please check the local network or enter the game gruop to contact the admin!",
hint_340,Text,,洗练装备时禁止整理背包！,Don't arrange your backpack while refining equipment!,
hint_341,Text,,洗练装备时禁止整理仓库！,Don't arrange your warehouse while refining equipment!,
hint_342,Text,,激活收藏道具成功!,Activate the collected equipment successfully!,
hint_343,Text,,请等待冷却时间结束,Please wait for CD to the end,
hint_343_1,Text,,请放入装备,Please put in the equipment,
hint_344,Text,,请将实力提升至对应值后领取,Please raise your strength to the corresponding value to receive it,
hint_344_1,Text,,需要转移的装备品质必须为紫色品质以上,Equipment quality to be transferred must be above purple,
hint_345,Text,,当前领取人数已满,The current number of recipients is full,
hint_345_1,Text,,属性转移部位不同,Position different,
hint_346,Text,,服务器未连接!,The server isn't connected,
hint_346_1,Text,,属性转移成功,Property transfer succeeded,
hint_347,Text,,"请查看制造等级,角色不在此制造等级范围内无法制造","Please check the manufacturing level, the role cannot manufacture outside this manufacturing level",
hint_348,Text,,制造道具背包至少预留2个位置…,At least 2 seats reserved in backpack for manufacturing prop,
hint_349,Text,,制造需要的材料不足!,Insufficient materials required for manufacturing!,
hint_35,Text,,"提示:你已充值,请耐心等待支付返回结果,不要关闭此界面和退出游戏！","Tip: You have recharged, please wait patiently for the return result of payment, do not close this interface or exit the game!",
hint_350,Text,,制造需要的金币不足!,Insufficient gold coins required for manufacturing!,
hint_351,Text,,制造需要的熟练度不足!,Insufficient proficiency required for manufacturing!,
hint_352,Text,,制造成功！获得装备：,Manufacturing success! Get the equipment:,
hint_353,Text,,"制造失败,下次制造概率提升！","Manufacturing failure, the manufacturing probability will increase next time!",
hint_354,Text,,制造材料不足,Insufficient manufacturing materials,
hint_355,Text,,请将等级提升至指定等级后领取!,Please raise the level to the specified level to receive it!,
hint_356,Text,,当前领取人数已满!,The current number of recipients is full,
hint_357,Text,,传承成功！获得装备：,Success in inheritance! Get the equipment:,
hint_358,Text,,"制造失败,下次制造概率提升！","Manufacturing failure, the manufacturing probability will increase next time!",
hint_359,Text,,奖励已领取,Award received,
hint_36,Text,,"今天已经进入副本一次了,请明天再来！","No more chance to enter the copy, please try it tomorrow!",
hint_360,Text,,请将等级提升至12级后领取!,Please raise the level to level 12 to receive it!,
hint_361,Text,,赞助额度不足请稍后再试!,"Insufficient sponsorship, please try again later!",
hint_362,Text,,奖励已领取,Award received,
hint_363,Text,,请将等级提升至12级后领取!,Please raise the level to level 12 to receive it!,
hint_364,Text,,赞助额度不足请稍后再试!,"Insufficient sponsorship, please try again later!",
hint_365,Text,,需要,Require ,
hint_366,Text,,个,,
hint_367,Text,,",才能开启",to open,
hint_368,Text,,被动技能不能被拖拽,Passive skill cannot be dragged,
hint_369,Text,,技能升级成功,Successful skill upgrade,
hint_37,Text,,副本暂未开启!敬请期待~,The copy has not been opened yet! ,
hint_370,Text,,今日已经领取,It has been received today,
hint_371,Text,,今天未击杀BOSS不能领取！,You cannot get it without killing the boss today,
hint_372,Text,,摇杆操作已关闭,Joystick operation is off,
hint_373,Text,,摇杆操作已开启,Joystick operation is on,
hint_374,Text,,点击移动模式开启,Click-to-move mode is on,
hint_375,Text,,摇杆(移动)操作已开启,Fixed joystick operation is off,
hint_376,Text,,摇杆(固定)操作已开启,Move joystick operation is off,
hint_377,Text,,你的昵称已修改为：,Your nickname has been changed to:,
hint_378,Text,,请进入城镇使用更改游戏难度,Please enter the town to change the difficulty of the game,
hint_379,Text,,使用道具间隔时间太短!请稍后再使用次道具,The interval between using props is too short! Please use it later,
hint_38,Text,,"今天已经进入副本一次了,请明天再来！","No more chance to enter the copy, please try it tomorrow!",
hint_380,Text,,请将等级提升至15级后领取!,Please raise the level to level 15 to receive it!,
hint_381,Text,,请按照登陆奖励依次领取!,Please follow the login rewards in order!,
hint_382,Text,,今日登陆奖励已领取!,Today's login reward has been received!,
hint_383,Text,,赎回,redeem,
hint_384,Text,,领取奖励条件不足,Insufficient conditions for receiving rewards,
hint_385,Text,,请进入关卡地图在使用此道具,Please enter the level map before using this prop,
hint_386,Text,,道具不足,Insufficient props,
hint_387,Text,,"免费开启,获得经验：","Open for free, get experience:",
hint_388,Text,,"免费开启,获得金币：","Open for free, get gold coins:",
hint_389,Text,,"已达到当前最高等级,无法使用此道具!","Reached the current highest level, cannot use this prop!",
hint_39,Text,,你已领取通关大秘境第,You have received the Grand Mystery reward of Tier ,
hint_390,Text,,触发经验暴击！获得大量经验：,Trigger a experience crit! Gain a lot of experience:,
hint_391,Text,,钻石开启！获得大量经验：,Open by diamonds! Gain a lot of experience:,
hint_392,Text,,触发金币暴击！获得大量金币：,Trigger a gold coin crit! Get a lot of gold coins:,
hint_393,Text,,钻石开启！获得大量金币：,Open by diamonds! Gain a lot of gold coins:,
hint_394,Text,,数量,Quantity,
hint_395,Text,,"这是作者的感谢宝箱,赞助任意额度支持作者后可即可开启！","This is the author's thanks box, which can be opened after sponsoring any amount of support for the author!",
hint_396,Text,,触发重生！！！,Trigger a rebirth!,
hint_397,Text,,当前没有符合要求的装备放入!,No matching equipment is currently placed!,
hint_398,Text,,短时间内洗炼次数太多！请稍后再试,Too many times in a short time! Please try again later,
hint_399,Text,,钻石不足,Insufficient diamonds,
hint_4,Text,,该技能未学习,This skill has not been learned,
hint_40,Text,,层奖励！,,
hint_400,Text,,好像并没有发生什么变化！,It seems nothing happend!,
hint_401,Text,,装备洗练成功！,Equipment refining success!,
hint_402,Text,,"技能CD中,不能移动技能",Skill cannot be moved while it is in CD,
hint_403,Text,,短时间内洗炼次数太多！请稍后再试,Too many times in a short time! Please try again later,
hint_404,Text,,请点击左侧装备放入要洗炼的装备!,Please click the equipment on the left to put in the equipment to be refined!,
hint_405,Text,,未放入需要洗炼的装备!,No equipment to be refined!,
hint_406,Text,,洗炼石不足,Insufficient refining stone,
hint_407,Text,,"钻石不足,请点击商城充值！","Insufficient diamonds, please click the store to recharge!",
hint_408,Text,,好像并没有发生什么变化！,It seems nothing happend!,
hint_409,Text,,当前道具不可以回收,Current props cannot be recycled,
hint_41,Text,,"你还未通关大秘境第1层,无法领取奖励！",You haven't cleared  Tier 1 of Grand Mystery and can't claim the reward!,
hint_410,Text,,"不能使用,此道具不能卸载此槽位的宝石","Cannot be used, this prop cannot unload gems in this slot",
hint_411,Text,,开启周卡成功!,Open the weekly card successfully!,
hint_412,Text,,今日周卡已经领取,Today's weekly card has been received.,
hint_413,Text,,请输入序列号!,Please enter CD-KEY!,
hint_414,Text,,序列号已被领取!,CD-KEY has been used,
hint_415,Text,,"领取组织福利成功,奖励已发往背包,请点击查看！","The organization benefits have been successfully received, and the reward has been sent to the backpack, please click to view!",
hint_416,Text,,序列号不正确!,CD-KEY is incorrect!,
hint_417,Text,,序列号密匙不正确!,CD-KEY is incorrect!,
hint_418,Text,,"序列号不正确,请检查后在进行输入!","CD-KEY is incorrect, please check before entering!",
hint_419,Text,,"感谢你为作者做出的赞助,已经够多了,作者在此感谢你！","Thank you for your sponsorship for the author, it's enough!",
hint_42,Text,,此地图不能使用恢复类道具！,This map cannot use recovery props!,
hint_420,Text,,赞助金额不足!,The amount of sponsorship is insufficient!,
hint_421,Text,,你获得,You get,
hint_422,Text,,金币,gold coins,
hint_423,Text,,钻石,diamonds,
hint_424,Text,,你获得,You get,
hint_425,Text,,新的章节开启成功!!! ,New chapter successfully opened!,
hint_426,Text,,关卡快捷传送激活成功!!! ,Level fast transfer activated successfully!,
hint_427,Text,,个,,
hint_428,Text,,召唤宠物成功！,Summon pets successfully!,
hint_429,Text,,制作书要求角色等级不足！,"The role level is insufficient, cannot use the manufacture book!",
hint_43,Text,,开始失败!请背包内至少预留5个位置!,Start failed! Please reserve at least 5 places in the backpack!,
hint_430,Text,,需要,Require,
hint_431,Text,,个,,
hint_432,Text,,才能开启,to open,
hint_433,Text,,你触发了,You triggered ,
hint_434,Text,,爆率效果,drop effect,
hint_435,Text,,恭喜你!刷新爆率成功,Refresh success!,
hint_436,Text,,刷新爆率失败,Refresh failed!,
hint_437,Text,,抽卡次数不足,Insufficient times,
hint_438,Text,,恭喜你！获得钻石,congratulations! Get diamonds,
hint_439,Text,,修改宠物队伍配置成功,Modification of pet team configuration succeeded,
hint_44,Text,,功能暂未开启!,The function is not turned on yet!,
hint_440,Text,,天梯今日挑战次数已满,TIANTI fight times are full today,
hint_441,Text,,请配置自己的宠物出战队伍,Please configure your own pet team,
hint_442,Text,,请选择类型为宝宝的宠物！野生宠物无法加入战队,Please select a pet of baby type! Wild pets can't join the team,
hint_443,Text,,无法查看入侵者的宠物信息,Unable to view intruder's pet information,
hint_444,Text,,当前宠物修炼等级已达上限,The current pet cultivation level has reached the maximum,
hint_445,Text,,很遗憾!修炼失败,I'm sorry that I failed,
hint_446,Text,,"消耗资源不足,无法修炼","Insufficient consumption of resources, unable to Practice",
hint_447,Text,,恭喜你!修炼成功,Congratulations! Success in Practice,
hint_448,Text,,"恭喜你,成功激活爆率","Congratulations, activate the drop rate",
hint_449,Text,,请放入需要洗炼的宠物,Please put in the pet,
hint_45,Text,,当前制造物品已经学习!请勿重复学习,You have learned the manufacturing prop! Do not repeat the learning,
hint_450,Text,,"由于你频繁上下架道具,你暂时无法出售道具,请明天再来！",You can't sell the props for the time being because you often get on and off the shelves. Please come back tomorrow!,
hint_451,Text,,加载游戏数据中,Loading game data,
hint_452,Text,,兑换离线点数不足,Insufficient points to redeem offline,
hint_453,Text,,"IOS未初始化,请稍后点击","IOS is not initialized, please click later",
hint_454,Text,,请将等级提升至12级后开启!,Please raise the level to level 12 to open it!,
hint_455,Text,,"日0:00点发送排行奖励,邮件查收!",-00:00 Send Reward,
hint_456,Text,,月,,
hint_457,Text,,请提升等级至55级后进入此副本,Please upgrade to level 55 before entering,
hint_458,Text,,魔法值不足!,Insufficient Mana!,
hint_459,Text,,家园资金,Home fund,
hint_46,Text,,当前宠物栏位已满！宠物栏位每15、25、35、45、55级均会新增一个宠物栏位！,"The pet fields are currently full! Get a pet field for every 15, 25, 35, 45, 55 level of the role!",
hint_460,Text,,击败比自己等级低15级的BOSS不触发难度爆率加成,Kill boss level 15 lower than your own level does not trigger the difficulty burst rate bonus,
hint_47,Text,,运气爆表！恭喜你获得变异宠物!!!,Congratulations! You get a mutant pet,
hint_48,Text,,恭喜你获得宠物!,Congratulations! You get a pet,
hint_49,Text,,请先将玩家等级提升至8级开启宠物功能！,Please raise the role level to LV 8 to enable the pet function!,
hint_5,Text,,宠物位置已满！,There is no spare pet slot,
hint_50,Text,,"当前无出战宠物,无法使用！","There is currently no combat pet, so it cannot be used!",
hint_51,Text,,最高只能加价至100%,The maximum price can only be increased to 100%.,
hint_52,Text,,最高只能1折出售,The minimum price can only be decreased to 10%.,
hint_53,Text,,此技能为宠物治疗！当前暂无宠物出战！,"The skill is pet treating, but there is no combat pet!",
hint_54,Text,,技能冷却中…,The skill is in CD ...,
hint_55,Text,,"宠物等级太低,无法使用！",Pet level is too low to use!,
hint_56,Text,,"你的宠物等级高于自身角色5级,不可使用!",Your pet level is 5 higher than your role level and cannot be used!,
hint_57,Text,,出售数量与实际不匹配,The quantity sold does not match the actual,
hint_58,Text,,请检查服务器是否正常连接,Please check that the server is connected properly,
hint_59,Text,,你当前出战的宠物获得了,Your combat pet has gained ,
hint_6,Text,,恭喜你获得传说神兽!!!,Congratulations: Get a legendary pet!,
hint_60,Text,,点经验值,experience.,
hint_61,Text,,"背包道具数量不足,请整理背包！",There are not enough backpack props. Please check your backpack!,
hint_62,Text,,"当前无出战宠物,无法使用！","There is currently no combat pet, so it cannot be used!",
hint_63,Text,,"宠物等级太高,不能使用！",Pet level is too high to use!,
hint_64,Text,,"你的宠物等级高于自身角色5级,不可使用!",Your pet level is 5 higher than your role level and cannot be used!,
hint_65,Text,,请移动到地图:,Please move to the map:,
hint_66,Text,,请移动到,Please move to ,
hint_67,Text,,地图开启,to open it,
hint_68,Text,,您已经开始挖宝了!,Start digging!,
hint_69,Text,,请先将玩家等级提升至8级开启捕捉宠物功能！,Please raise the role level to LV 8 to capture pets!,
hint_7,Text,,神兽碎片不足!,Insufficient pieces of legendary pet,
hint_70,Text,,探索中无法捕捉！,Unable to capture while exploring!,
hint_71,Text,,请先选择要捕捉的目标！,Please select the target you want to capture first!,
hint_72,Text,,首领BOSS无法捕捉！,BOSS cannot be captured!,
hint_73,Text,,"目标已经死亡,无法捕捉！",The target is dead and cannot be captured!,
hint_74,Text,,当前捕捉冷却时间请,"The capture skill is in CD, please try again after ",
hint_75,Text,,秒再试…,s...,
hint_76,Text,,体力不足,Insufficient energy to capture!,
hint_77,Text,,点无法捕捉！或可以使用道具：, You can use props ,
hint_78,Text,,代替!, to continue,
hint_79,Text,,消耗捕捉宠物道具,Consume ,
hint_8,Text,,"恭喜你触发完美挖宝!获得2次奖励机会,每次各自随机!",Perfect treasure: Double treasure chances,
hint_80,Text,,1个, pet prop,
hint_81,Text,,"界面已打开,请选择对应颜色的槽位进行宝石镶嵌","The interface is open, please select the hole of the corresponding color for gem setting",
hint_82,Text,,仓库已满,The warehouse is full,
hint_83,Text,,仓库未打开！,The warehouse is not open,
hint_84,Text,,背包已满！,The backpack is full,
hint_85,Text,,8级以下无法抽取奖励！,No draw below level 8!,
hint_86,Text,,钻石不足！,Insufficient diamonds!,
hint_87,Text,,"背包已满,请预留至少10个位置！","Gull backpack, please reserve at least 10 places!",
hint_88,Text,,不能在城镇地图保存坐标！,Cannot save coordinates in town map!,
hint_89,Text,,恭喜你!捕捉宠物成功,Congratulations! Success in capturing pet,
hint_9,Text,,此地图不能使用技能！,You cannot use any skill in this map,
hint_90,Text,,"拾取道具时,不能进行探索！",You cannot explore while picking up props!,
hint_91,Text,,半小时内只能使用一次! 冷却时间剩余:,It can only be used once in half an hour!  ,
hint_92,Text,,分钟,min CD remaining,
hint_93,Text,,请先保存需要传送的坐标点！,Please save the coordinate points to be transferred first!,
hint_94,Text,,"刚刚已经搜索过了,休息一下在探索要不会累的鸭！","Exploring is in CD, please try later",
hint_95,Text,,"此地已经搜索过了,请换个地方再次搜索！","You have explored this area, please move to another one!",
hint_96,Text,,"活力不足,无法搜索！活力值会随着在线时间而增长！",Insufficient vitality to explore! Vitality will increase with online time!,
hint_97,Text,,"叮咣叮咣,好像发现了什么！但是你的背包好像已经装不下了!",You seem to have found something! But your backpack doesn't fit anymore!,
hint_98,Text,,你意外找到散落在外面的道具:,You accidentally find the props scattered outside:,
hint_99,Text,,搜索完毕！这附近好像并没有什么东西！,Exploring is complete! Nothing seems to be around here!,
万,Text,,万,0 thousand,
万众瞩目,Text,,万众瞩目,Drop Rate Lv.6,
上涨价格,Text,,上涨价格,Up,
下一等级,Text,,下一等级,Next level,
下级部位属性提升,Text,,下级部位属性提升,Next Position,
下降价格,Text,,下降价格,Down,
专注额外提高,Text,,专注额外提高,,
个,Text,,个,,
主动精灵,Text,,主动精灵,Active,
主宠,Text,,宠物栏位,PetPosition,
主线任务,Text,,主线任务,Main Task,
人形攻击伤害,Text,,人形攻击伤害,Damage To Humanoid % ,
人形攻击抗性,Text,,人形攻击抗性,Humanoid  Resistance,
人物攻击抗性额外提高,Text,,人物攻击抗性额外提高,Humanoid  Resistance Up ,
人类,Text,,人类,Human,
今日抽卡次数,Text,,今日抽卡次数,Times today,
今日挑战次数,Text,,今日挑战次数,Number of fight today,
今日累计次数,Text,,今日累计次数,Accumulated times today,
以下道具随机获得一种,Text,,以下道具随机获得一种,Get one of the following items at random,
件套,Text,,件套,-pc-set,
价格浮动,Text,,价格浮动,Price,
任意颜色的,Text,,任意颜色的,Any Color,
休 息,Text,,休 息,Rest,
传送,Text,,传送,Go,
伤害修炼,Text,,伤害修炼,Damge Practice,
伤害减免,Text,,伤害减免,DR,
伤害加成,Text,,伤害加成,ED,
伪装值额外提高,Text,,伪装值额外提高,Reduced Up ,
低级技能,Text,,低级技能,Low Skill,
体力,Text,,体力,STA,
你今日已赞助,Text,,你今日已赞助,Recharged,
使用天赋点数,Text,,使用天赋点数,Use talent points,
使用等级,Text,,使用等级,Use Level,
修炼成功概率,Text,,修炼成功概率,Success rate,
倍爆率,Text,,倍爆率,times drop rate,
元,Text,,元,,
元可直接开启礼包,Text,,元可直接开启礼包,Can Open Week Pass,
光抗性,Text,,光抗性,Holy Resistance,
光明抗性,Text,,神圣抗性,HR,
光辉洗炼,Text,,光辉洗炼,Brilliant Polish,
冒险家积分不足,Text,,冒险家积分不足,Adventurer Point Insufficient,
冰霜抗性,Text,,冰霜抗性,CR,
冰霜抗性额外提高,Text,,冰霜抗性额外提高,Frost Resistance Up ,
出 战,Text,,出 战,Fight,
击杀,Text,,击杀,Kill,
击杀BOSS,Text,,击杀BOSS,Kill Boss,
击杀BOSS级别怪物,Text,,击杀BOSS级别怪物,Kill Any Boss,
击杀任意BOSS,Text,,击杀任意BOSS,Kill any boss,
击杀任意怪物,Text,,击杀任意怪物,Kill Any Monster,
击杀时间,Text,,击杀时间,Kill Time,
分钟,Text,,分钟,Min,
到达等级免费领取,Text,,到达等级免费领取,Free at level,
制造数量,Text,,制造数量,Number,
制造等级 无限制,Text,,制造等级：无限制,Need Lv : 1,
制造难度,Text,,制造难度,Difficulty,
前往,Text,,前往,Go,
前置激活条件,Text,,前置激活条件,Activation requirements,
剩余储备经验,Text,,剩余储备经验,Residual reserve experience,
剩余点数,Text,,剩余点数,test1,
副宠,Text,,宠物栏位,PetPosition,
千载难逢,Text,,千载难逢,Drop Rate Lv.5,
反击伤害,Text,,反击伤害,APR,
取 消,Text,,取 消,NO,
受到Boss技能攻击减免,Text,,受到Boss技能攻击减免,Magic Dmg Reduced By boss,
受到Boss普通攻击减免,Text,,受到Boss普通攻击减免,Armor Dmg Reduced By Boss,
受到首领技能减免额外提高,Text,,受到首领技能减免额外提高,Magic Dmg Reduced By boss Up ,
受到首领攻击减免额外提高,Text,,受到首领攻击减免额外提高,Armor Dmg Reduced By Boss Up ,
召唤天赋,Text,,召唤天赋,Summon,
可以获得经验加成,Text,,可以获得经验加成,Experience bonus,
可镶嵌在,Text,,可镶嵌在,Inlaid in,
吸血,Text,,吸血,health steal ,
吸血率额外提高,Text,,吸血率额外提高,health steal  Up ,
周卡剩余领取次数,Text,,周卡剩余领取次数,Remains Number,
命中,Text,,命中,Hit,
命中率,Text,,命中率,Attack Rating ,
命中等级,Text,,命中等级,Attack Rating LV,
命中等级额外提高,Text,,命中等级额外提高,Attack Rating LV Up ,
品质,Text,,品质,Quality,
嗜血几率额外提高,Text,,嗜血几率额外提高,Increased Defense per Hit Up ,
回血值,Text,,回血值,Replenish Life  X,
回血固定值额外提高,Text,,回血固定值额外提高,Replenish Life Up ,
回血百分比,Text,,回血百分比,Replenish  %,
回血百分比额外提高,Text,,回血百分比额外提高,Replenish Up ,
困难模式,Text,,困难模式,Challenge,
固定伤害额外提高,Text,,固定伤害额外提高,Fixed Damage Up ,
圣光洗炼,Text,,圣光洗炼,Holy Polish,
地图剩余时间,Text,,地图剩余时间,Map remaining time,
地狱,Text,,地狱,Hell,
地狱模式,Text,,地狱模式,Hell,
地狱难度首胜奖励,Text,,地狱难度首胜奖励,Hell  Reward,
复活几率额外提高,Text,,复活几率额外提高,Reborn Chance Up ,
多彩,Text,,多彩,Colourful ,
多彩插槽,Text,,多彩插槽,Colourful Hole,
天赋系统,Text,,天赋系统,Talent,
天赋达到,Text,,天赋达到,Talent points to,
头盔,Text,,头盔,Helmet,
头领,Text,,头领,Leader,
孔位,Text,,孔位,Hole,
宝石,Text,,宝石,Gem,
宝石熟练度,Text,,宝石熟练度,Gem Proficiency,
宠物,Text,,宠物,Pet,
宠物受伤减免,Text,,宠物受伤减免,PET Damage reduction,
宠物受伤减免额外提高,Text,,宠物受伤减免额外提高,,
宠物合成,Text,,宠物合成,Pet Mix,
宠物攻击加成,Text,,宠物攻击加成,PET Enhanced Damage,
宠物攻击加成额外提高,Text,,宠物攻击加成额外提高,,
宠物系统,Text,,宠物系统,Pet,
对话,Text,,对话,Speak,
寻找,Text,,寻找,Find,
寻找到真实宝箱,Text,,寻找到真实宝箱,Find the real treasure chest,
小时,Text,,小时,Hours,
小赚一笔,Text,,小赚一笔,Drop Rate Lv.2,
已上架,Text,,已上架,Sell Time : ,
已击杀,Text,,已击杀,Kill Success,
已刷新,Text,,已刷新,Appear,
已完成,Text,,已完成,Completed,
已达成,Text,,已达成,Completed,
幸运值,Text,,幸运值,Luck,
幸运玩家,Text,,幸运玩家,Drop Rate Lv.3,
开启周卡需消耗,Text,,开启周卡需消耗,Open Week Pass Cost,
强化 装备属性提升,Text,,强化 装备属性提升,Intensify Proprety,
强化成功概率,Text,,强化成功概率,Probability,
强壮的,Text,,强壮的,Strong,
当前,Text,,当前,Now,
当前可免费领取,Text,,当前可免费领取,Get for free,
当前技能点数,Text,,当前技能点数,SP,
当前爆率,Text,,当前爆率,drop rate,
当前版本为最新版本,Text,,当前版本为最新版本,Latest Version,
当前的等级,Text,,当前的等级,Current Level,
当前的经验百分比,Text,,当前的经验百分比,Current experience percentage,
当前离线点数,Text,,当前离线点数,Current offline points,
当前自身的实力值,Text,,当前自身的实力值,Self Strength,
当前部位属性提升,Text,,当前部位属性提升,Aktuell Position,
必中额外提高,Text,,必中额外提高,Increased Hit Up ,
忽视目标防御值,Text,,忽视目标防御值,Ignore P-def ,
忽视目标防御值额外提高,Text,,忽视目标防御值额外提高,Ignore P-def  Up ,
忽视目标魔防值,Text,,忽视目标魔防值,Ignore M- def,
忽视目标魔防值额外提高,Text,,忽视目标魔防值额外提高,Ignore M- def Up ,
怪物脱战距离额外提高,Text,,怪物脱战距离额外提高,,
恶魔,Text,,恶魔,Demon,
恶魔攻击伤害,Text,,恶魔攻击伤害,Damage To Demons % ,
恶魔攻击抗性,Text,,恶魔攻击抗性, Demons  Resistance,
恶魔攻击抗性额外提高,Text,,恶魔攻击抗性额外提高, Demons  Resistance Up ,
成功概率,Text,,成功概率,Probability,
成就,Text,,成就,Achievement,
成就列表,Text,,成就列表,List,
成就首页,Text,,成就首页,Home,
我的实力值,Text,,我的实力值,My Strength,
我的排名,Text,,我的排名,MyRank,
我的等级,Text,,我的等级,My Level,
战士,Text,,战士,Warrior,
战斗回血比例额外提高,Text,,战斗回血比例额外提高,Combat regeneration Up ,
战斗回血百分比,Text,,战斗回血百分比,Combat regeneration %,
战斗成就,Text,,战斗成就,Fight,
手套,Text,,手套,Gloves,
打造熟练度,Text,,打造熟练度,Make Proficiency,
找到符合要求的装备,Text,,找到符合要求的装备,Find Target Equip,
技能,Text,,技能,Skill,
技能冷却时间缩减,Text,,技能冷却时间缩减,Cooldown Reduction  （cdr）,
技能冷却时间缩减额外提高,Text,,技能冷却时间缩减额外提高,Cooldown Reduction Up ,
技能点数,Text,,技能点数,SP,
技能等级,Text,,技能等级,Skill Level,
技能闪避,Text,,技能闪避,SkillDog,
抓获,Text,,抓获,Catch,
抗性宝石,Text,,抗性宝石,Resistance,
折,Text,,折,percent off,
护盾开启,Text,,护盾开启,Shield,
护符,Text,,护符,Talismans,
抵消伤害,Text,,抵消伤害,Counteract,
拥有者,Text,,拥有者,Master,
挑战,Text,,挑战,Challenge,
挑战难度首胜奖励,Text,,挑战难度首胜奖励,Challenge Reward,
挖宝位置,Text,,挖宝位置,Treasure location,
捕捉宠物,Text,,捕捉宠物,Catch Pet,
探宝次数达到,Text,,探宝次数达到,Times to,
探索寻找物品中,Text,,探索寻找物品中,Find Loading,
探索成就,Text,,探索成就,Explore,
提升打造极品的概率,Text,,提升打造极品的概率,Increase the probability of creating the best quality,
提升至,Text,,提升至,Up to,
携带宠物数量,Text,,携带宠物数量,test1,
支线任务,Text,,支线任务,Branch Task,
收集成就,Text,,收集成就,Collect,
攻击,Text,,攻击,Atk,
攻击上限,Text,,攻击上限,Max DMG,
攻击下限,Text,,攻击下限, Min Dmg,
攻击人物伤害额外提高,Text,,攻击人物伤害额外提高,Damage To Humanoid Up ,
攻击修炼,Text,,攻击修炼,ACT Practice,
攻击力不足,Text,,攻击力不足,Insufficient ATK ,
攻击反击,Text,,攻击反击,Attacker Takes Damage,
攻击反弹额外提高,Text,,攻击反弹额外提高,Attacker Takes Damage Of  Up ,
攻击大于,Text,,攻击大于,ATK greater than,
攻击恶魔伤害额外提高,Text,,攻击恶魔伤害额外提高,Damage To Demons  Up ,
攻击穿透额外提高,Text,,攻击穿透额外提高, Armor Penetration Up ,
攻击野兽伤害额外提高,Text,,攻击野兽伤害额外提高,Damage To beas Up ,
攻击附加伤害,Text,,攻击附加伤害,Extra Fixed Damage,
无消耗,Text,,无消耗,Pass,
无视防御额外提高,Text,,无视防御额外提高,Ignore Target Defense  Up ,
星,Text,,星,,
普普通通,Text,,普普通通,Drop Rate Lv.1,
普通模式,Text,,普通模式,Normal,
普通难度首胜奖励,Text,,普通难度首胜奖励,Normal Reward,
暗影抗性额外提高,Text,,暗影抗性额外提高,shadow  Resistance Up ,
暗抗性,Text,,暗抗性,shadow  Resistance,
暴击,Text,,暴击,Cri,
暴击率,Text,,暴击率,Critical Chance,
暴击等级,Text,,暴击等级,Critical LV,
暴击等级额外提高,Text,,暴击等级额外提高,Critical LV Up ,
最新版本,Text,,最新版本,New Version,
未击杀,Text,,未击杀,Not Killed,
未学习,Text,,未学习,Unlearned,
未连接服务器获取最新版本,Text,,未连接服务器获取最新版本,Server not connected,
材料,Text,,材料,Material,
极品值额外提高,Text,,极品值额外提高,,
格挡值,Text,,格挡值,Block Value,
格挡值额外提高,Text,,格挡值额外提高,Block Value Up ,
概率获得神兽碎片,Text,,概率获得神兽碎片,Probability Get Mythical Animals Debris,
橙色品质的装备,Text,,橙色品质的装备,Orange quality equipment,
正在向服务器请求首杀数据,Text,,正在向服务器请求首杀数据,Requesting first kill data from server,
正在退出地图,Text,,正在退出地图,Exiting the map,
此宠物已经在你的战队中,Text,,此宠物已经在你的战队中,This pet is already in your team,
此额度每日0点清空,Text,,此额度每日0点清空,Every Day Clearn,
武器,Text,,武器,Weapon,
每日任务,Text,,每日任务,Daily Task,
水抗性,Text,,水抗性,Fire Resistance,
法术上限,Text,,法术上限,MAX SDMG,
法术下限,Text,,法术下限,MIN SDMG,
法术反击,Text,,法术反击,Spell Attacker Takes Damage,
法术反弹额外提高,Text,,法术反弹额外提高,Spell Takes Damage Of  Up ,
法术强度,Text,,技能伤害,Sp,
洗炼极品掉落,Text,,洗炼极品掉落,Good Drop,
活力,Text,,活力,Ener,
活跃度,Text,,活跃度,Active,
海神洗炼,Text,,海神洗炼,Poseidon Polish,
消耗,Text,,消耗,Cost,
消耗体力,Text,,消耗体力,Need STA,
消耗品,Text,,消耗品,Material,
消耗金币,Text,,消耗金币,Cost,
游戏战区,Text,,游戏战区,Server Name,
漠灵洗炼,Text,,漠灵洗炼,Desert Undead Polish,
火抗性,Text,,火抗性,Frost Resistance,
火焰抗性,Text,,火焰抗性,FR,
火焰抗性额外提高,Text,,火焰抗性额外提高,Fire Resistance Up ,
灵石,Text,,灵石,Ring,
灾难值额外提高,Text,,灾难值额外提高,Increase Vulnerable  Up ,
点,Text,,点,,
点击放入上阵宠物,Text,,点击放入上阵宠物,Click to put the pet in the battle,
点击放置合成宠物,Text,,点击放置合成宠物,Click Put,
点击领取作者回馈礼包,Text,,点击领取作者回馈礼包,Click Claim,
点活跃度奖励,Text,,点活跃度奖励,Activity Award,
点的装备,Text,,点的装备,equipment,
炼金暴击!有概率获得双倍收益,Text,,炼金暴击!有概率获得双倍收益,Alchemy Crit！;There is a probability of double income,
炼金熟练度,Text,,炼金熟练度,Alchemy Proficiency,
熟练度,Text,,熟练度,Proficiency,
熟练度达到,Text,,熟练度达到,Proficiency need,
物理免伤提升,Text,,物理免伤提升,Armor Damage reduction,
物防大于,Text,,物防大于,DEF greater than,
环,Text,,环,,
生产药剂暴击概率额外提高,Text,,生产药剂暴击概率额外提高,Extra Elixir From Alchemy  Up ,
电抗性,Text,,电抗性,Lightning Resistance,
白色,Text,,白色,White ,
白色品质的装备,Text,,白色品质的装备,White quality equipment,
白色插槽,Text,,白色插槽,White,
百里挑一,Text,,百里挑一,Drop Rate Lv.4,
的头盔,Text,,的头盔,Helmet,
的戒指,Text,,的戒指,Ring,
的手套,Text,,的手套,Gloves,
的护符,Text,,的护符,Talismans,
的武器,Text,,的武器,Weapon,
的腰带,Text,,的腰带,Belts,
的衣服,Text,,的衣服,Clothes,
的裤子,Text,,的裤子,Pants,
的队伍,Text,,的队伍,Team,
的鞋子,Text,,的鞋子,shoes,
的项链,Text,,的项链,Necklace,
的饰品,Text,,的饰品,Magic,
确 定,Text,,确 定,Yes,
祝福值额外提高,Text,,祝福值额外提高,,
神农值额外提高,Text,,神农值额外提高,,
神圣抗性额外提高,Text,,神圣抗性额外提高,Holy Resistance Up ,
离线宝箱奖励,Text,,离线宝箱奖励,Offline chest reward,
秒,Text,,秒,s,
秒后免费领取,Text,,秒后免费领取,s Get for free,
秒后开启,Text,,秒后开启,second Open,
秘境值,Text,,秘境值,Mystic value,
移动速度,Text,,移动速度,MS,
移动速度提升,Text,,移动速度提升,Movement Speed,
穿戴身上激活成就,Text,,穿戴身上激活成就,Wear activation,
第,Text,,第,No.,
第101-200名,Text,,第101-200名,No.101-200,
第11-20名,Text,,第11-20名,No.11-20,
第1名,Text,,第1名,No.1,
第201-500名,Text,,第201-500名,No.201-500,
第21-30名,Text,,第21-30名,No.21-30,
第2名,Text,,第2名,No.2,
第31-50名,Text,,第31-50名,No.31-50,
第3名,Text,,第3名,No.3,
第4-10名,Text,,第4-10名,No.4-10,
第51-100名,Text,,第51-100名,No.51-100,
第一个升级至20级的为肝帝,Text,,第一个升级至20级的为肝帝,The first one upgraded to level 20 is the Level king,
第一章,Text,,第一章,chap. 1,
第一章探宝,Text,,第一章探宝,Par.1,
第三章,Text,,第三章,chap. 3,
第三章探宝,Text,,第三章探宝,Par.3,
第二章,Text,,第二章,chap. 2,
第二章探宝,Text,,第二章探宝,Par.2,
第五章,Text,,第五章,chap. 5,
第五章探宝,Text,,第五章探宝,Par.5,
第四章,Text,,第四章,chap. 4,
第四章探宝,Text,,第四章探宝,Par.4,
等级,Text,,等级,Level,
等级不足,Text,,等级不足,Insufficient Level,
等级到达,Text,,等级到达,Level to,
等级大于,Text,,等级大于,Level greater than,
类型,Text,,类型,Type,
系统提示,Text,,系统提示,Tips,
紫色,Text,,紫色,Violet ,
紫色品质的装备,Text,,紫色品质的装备,Purple quality equipment,
紫色插槽,Text,,紫色插槽,Purple,
红色,Text,,红色,Red ,
红色插槽,Text,,红色插槽,Red,
级,Text,,级,Lv,
级冒险家,Text,,级冒险家,Level Adventurer,
级学习,Text,,级学习,level,
级开启购买,Text,,级开启购买,Level open purchase,
经验,Text,,经验,Exp,
经验加成,Text,,经验加成,Extra EXP,
经验收益额外提高,Text,,经验收益额外提高,Extra EXP Up ,
绝世耀眼,Text,,绝世耀眼,Drop Rate Lv.7,
绿色,Text,,绿色,Green ,
绿色品质的装备,Text,,绿色品质的装备,Green quality equipment,
绿色插槽,Text,,绿色插槽,Green,
肝帝,Text,,肝帝,Level King,
腰带,Text,,腰带,Belts,
自身buff效果延长,Text,,自身buff效果延长,BUFF Length+ X SEC,
英勇洗炼,Text,,英勇洗炼,Heroic Polish,
药剂熟练度增加,Text,,药剂熟练度增加,Alchemy LV/point,
药剂类熟练度额外提高,Text,,药剂类熟练度额外提高,Alchemy point Up ,
获得,Text,,获得,Get,
蓝色,Text,,蓝色,Blue ,
蓝色品质的装备,Text,,蓝色品质的装备,Blue quality equipment,
蓝色插槽,Text,,蓝色插槽,Blue,
虚弱的,Text,,虚弱的,Frail,
血量,Text,,血量,Hp,
血量修炼,Text,,血量修炼,HP Practice,
衣服,Text,,衣服,Clothes,
被动精灵,Text,,被动精灵,Passive,
装备,Text,,装备,Equip,
装备上的宝石槽位出现概率,Text,,装备上的宝石槽位出现概率,CHANCE Extra Hole,
装备制造,Text,,装备制造,Make,
装备隐藏属性出现概率,Text,,装备隐藏属性出现概率,CHANCE Hidden Properties,
裤子,Text,,裤子,Pants,
谁与争锋,Text,,谁与争锋,Drop Rate Lv.8,
财富值额外提高,Text,,财富值额外提高,Extra Gold Up ,
赞助,Text,,赞助,Recharge,
达到,Text,,达到,to,
运气值额外提高,Text,,运气值额外提高,,
进度,Text,,进度,Need,
进度值,Text,,进度值,Progress,
通 用,Text,,通 用,General,
通用,Text,,通用,General,
部位,Text,,部位,Position,
重击,Text,,重击,HH,
重击概率,Text,,重击概率,Heavy Hit,
重击概率额外提高,Text,,重击概率额外提高,Heavy Hit Up ,
重击附加伤害,Text,,重击附加伤害,Extra HH Damage,
重击附加伤害额外提高,Text,,重击附加伤害额外提高,Extra HH Damage Up ,
野兽,Text,,野兽,Beast,
野兽攻击伤害,Text,,野兽攻击伤害,Damage To beas % ,
野兽攻击抗性,Text,,野兽攻击抗性,beast  Resistance,
野兽攻击抗性额外提高,Text,,野兽攻击抗性额外提高,beast  Resistance Up ,
金币,Text,,金币,Gold,
金币不足,Text,,金币不足,Not Enough Gold,
金币加成,Text,,金币加成,Extra Gold ,
金币收益额外提高,Text,,金币收益额外提高,Extra Gold  Up ,
钻石,Text,,钻石,Diamond,
锻造熟练度增加,Text,,锻造熟练度增加,Blacksmithing LV/point,
锻造类熟练度额外提高,Text,,锻造类熟练度额外提高,Blacksmithing point Up ,
镶 嵌,Text,,镶 嵌,Inlay,
闪电抗性,Text,,闪电抗性,LR,
闪电抗性额外提高,Text,,闪电抗性额外提高,Lightning Resistance Up ,
闪避,Text,,闪避,Dog,
闪避 血量,Text,,闪避 血量,DOG HP,
闪避恢复血量,Text,,闪避恢复血量,Replenish ,
闪避率,Text,,闪避率,Dodge  chance,
闪避等级,Text,,闪避等级,Dodge  LV,
闪避等级额外提高,Text,,闪避等级额外提高,Dodge LV Up ,
防御,Text,,防御,Def,
防御上限,Text,,防御上限,MAN DEF,
防御下限,Text,,防御下限,MIN DEF,
防御修炼,Text,,防御修炼,DEF Practice,
隐藏属性,Text,,隐藏属性,Hide,
需要,Text,,需要,Need,
需要战力达到,Text,,需要战力达到,Need Strength to,
需要熟练度,Text,,需要熟练度,Need Proficiency,
需要等级,Text,,需要等级,Need Lv,
需要等级达到,Text,,需要等级达到,Need Level to,
鞋子,Text,,鞋子,shoes,
韧性,Text,,韧性,CRIT Resist,
韧性概率额外提高,Text,,韧性额外提高,CRIT Resist Up ,
韧性等级,Text,,韧性等级,CRIT Resist LV,
韧性等级额外提高,Text,,韧性等级额外提高,CRIT Resist LV Up ,
项链,Text,,项链,Necklace,
饰品,Text,,饰品,Magic,
首领技能加成额外提高,Text,,首领技能加成额外提高,Magic Dmg To Boss Up ,
首领攻击加成额外提高,Text,,首领攻击加成额外提高,Armor Dmg To Boss Up ,
高级技能,Text,,高级技能,Advanced,
魔法免伤提升,Text,,魔法免伤提升,Spell Damage reduction,
魔法天赋,Text,,魔法天赋,Magic,
魔法师,Text,,魔法师,Magician,
魔法穿透额外提高,Text,,魔法穿透额外提高,Spell Penetration Up ,
魔防,Text,,魔防,Res,
魔防上限,Text,,魔防上限,MAX RES,
魔防下限,Text,,魔防下限,MIN RES,
魔防大于,Text,,魔防大于,ADF greater than,
黑暗抗性,Text,,黑暗抗性,SR,
